YearsAtCompany,Employees,Average_Performance
0,44,3.159090909090909
1,171,3.1695906432748537
2,127,3.0866141732283463
3,128,3.15625
4,110,3.1363636363636362
5,196,3.183673469387755
6,76,3.1447368421052633
7,90,3.1
8,80,3.1625
9,82,3.1951219512195124
10,120,3.125
11,32,3.28125
12,14,3.2142857142857144
13,24,3.25
14,18,3.2222222222222223
15,20,3.1
16,12,3.25
17,9,3.3333333333333335
18,13,3.076923076923077
19,11,3.090909090909091
20,27,3.1481481481481484
21,14,3.142857142857143
22,15,3.066666666666667
23,2,3.5
24,6,3.1666666666666665
25,4,3
26,4,3.25
27,2,3
29,2,3.5
30,1,3
31,3,3
32,3,3
33,5,3
34,1,3
36,2,3.5
37,1,3
40,1,3
