JobRole,Employees,Average_Performance,Average_Income,Average_Job_Satisfaction
Healthcare Representative,131,3.1526717557251906,7528.763358778626,2.786259541984733
Human Resources,52,3.1346153846153846,4235.75,2.5576923076923075
Laboratory Technician,259,3.1621621621621623,3237.169884169884,2.6911196911196913
Manager,102,3.196078431372549,17181.676470588234,2.7058823529411766
Manufacturing Director,145,3.1862068965517243,7295.137931034483,2.682758620689655
Research Director,80,3.1,16033.55,2.7
Research Scientist,292,3.1678082191780823,3239.972602739726,2.7739726027397262
Sales Executive,326,3.125766871165644,6924.2791411042945,2.754601226993865
Sales Representative,83,3.144578313253012,2626,2.7349397590361444
